"type","price","sales","shop","title"
"【顶配版】移动/联通2.8英寸屏","95.00","415976","创于佳讯数码专营店","【4G全网通】纽曼 M560正品老人机超长待机直板老年手机大屏大字大声音移动联通电信版女学生功能按键小手机"
"【升级版】移动/联通2.6英寸屏","89.00","415976","创于佳讯数码专营店","【4G全网通】纽曼 M560正品老人机超长待机直板老年手机大屏大字大声音移动联通电信版女学生功能按键小手机"
"【普通版】移动/联通2.4英寸屏","69.00-79.00","415976","创于佳讯数码专营店","【4G全网通】纽曼 M560正品老人机超长待机直板老年手机大屏大字大声音移动联通电信版女学生功能按键小手机"
"【升级版】电信天翼2.6英寸屏","119.00","415976","创于佳讯数码专营店","【4G全网通】纽曼 M560正品老人机超长待机直板老年手机大屏大字大声音移动联通电信版女学生功能按键小手机"
"【顶配版】电信天翼2.8英寸屏","125.00","415976","创于佳讯数码专营店","【4G全网通】纽曼 M560正品老人机超长待机直板老年手机大屏大字大声音移动联通电信版女学生功能按键小手机"
"【4G版本】全网通用2.8英寸屏","199.00","415976","创于佳讯数码专营店","【4G全网通】纽曼 M560正品老人机超长待机直板老年手机大屏大字大声音移动联通电信版女学生功能按键小手机"
"【奢华版】移动/联通2.8英寸屏","95.00-105.00","440225","尼凯恩旗舰店","【4G全网通】尼凯恩 EN3正品老人机超长待机三防军工直板老年手机大屏大字大声音移动联通电信版学生按键手机"
"【奢华版】天翼电信2.8英寸屏","125.00-135.00","440225","尼凯恩旗舰店","【4G全网通】尼凯恩 EN3正品老人机超长待机三防军工直板老年手机大屏大字大声音移动联通电信版学生按键手机"
"【荣耀版】移动/联通2.6英寸屏","89.00-99.00","440225","尼凯恩旗舰店","【4G全网通】尼凯恩 EN3正品老人机超长待机三防军工直板老年手机大屏大字大声音移动联通电信版学生按键手机"
"【荣耀版】天翼电信2.6英寸屏","119.00-129.00","440225","尼凯恩旗舰店","【4G全网通】尼凯恩 EN3正品老人机超长待机三防军工直板老年手机大屏大字大声音移动联通电信版学生按键手机"
"【尊享版】移动/联通2.4英寸屏","69.00-79.90","440225","尼凯恩旗舰店","【4G全网通】尼凯恩 EN3正品老人机超长待机三防军工直板老年手机大屏大字大声音移动联通电信版学生按键手机"
"【4G版】全网通用2.8英寸屏","199.00","440225","尼凯恩旗舰店","【4G全网通】尼凯恩 EN3正品老人机超长待机三防军工直板老年手机大屏大字大声音移动联通电信版学生按键手机"
"4+64GB","1099.00","145808","荣耀官方旗舰店","【限时低至1099元】华为旗下HONOR/荣耀9X麒麟810芯片4800万超清双摄手机官方旗舰店官方旗舰店全新正品"
"6+64GB","1299.00","145808","荣耀官方旗舰店","【限时低至1099元】华为旗下HONOR/荣耀9X麒麟810芯片4800万超清双摄手机官方旗舰店官方旗舰店全新正品"
"6+128GB","1799.00","145808","荣耀官方旗舰店","【限时低至1099元】华为旗下HONOR/荣耀9X麒麟810芯片4800万超清双摄手机官方旗舰店官方旗舰店全新正品"
"8+128GB","1999.00","145808","荣耀官方旗舰店","【限时低至1099元】华为旗下HONOR/荣耀9X麒麟810芯片4800万超清双摄手机官方旗舰店官方旗舰店全新正品"
"8+128GB","6399.00","32638","华为官方旗舰店","【12期免息】Huawei/华为Mate 30 Pro 5G麒麟990徕卡四摄5G芯片智能手机mate30pro5g官方旗舰店"
"8+256GB","6899.00","32638","华为官方旗舰店","【12期免息】Huawei/华为Mate 30 Pro 5G麒麟990徕卡四摄5G芯片智能手机mate30pro5g官方旗舰店"
"8+512GB","7899.00","32638","华为官方旗舰店","【12期免息】Huawei/华为Mate 30 Pro 5G麒麟990徕卡四摄5G芯片智能手机mate30pro5g官方旗舰店"
"4+64GB","1298.00","106645","vivo官方旗舰店","vivo Z5x极点全面屏高通骁龙710大电池智能手机官方正品手机新品vivoz5x限量版 z3x"
"6+64GB","1298.00","106645","vivo官方旗舰店","vivo Z5x极点全面屏高通骁龙710大电池智能手机官方正品手机新品vivoz5x限量版 z3x"
"6+128GB","1398.00","106645","vivo官方旗舰店","vivo Z5x极点全面屏高通骁龙710大电池智能手机官方正品手机新品vivoz5x限量版 z3x"
"8+128GB","1698.00","106645","vivo官方旗舰店","vivo Z5x极点全面屏高通骁龙710大电池智能手机官方正品手机新品vivoz5x限量版 z3x"
"4+64GB","999.00","37756","小米官方旗舰店","【6GB立省100】红米note8 4800万四摄拍照游戏学生智能手机redmi全面屏pro小米官方旗舰店正品7xiaomi"
"6+64GB","1099.00","37756","小米官方旗舰店","【6GB立省100】红米note8 4800万四摄拍照游戏学生智能手机redmi全面屏pro小米官方旗舰店正品7xiaomi"
"6+128GB","1299.00","37756","小米官方旗舰店","【6GB立省100】红米note8 4800万四摄拍照游戏学生智能手机redmi全面屏pro小米官方旗舰店正品7xiaomi"
"3+32GB","699.00","19528","小米官方旗舰店","【4+64G立省100】红米8A 大电量大屏幕智能游戏学生老年人手机小米官方旗舰店官网redmi红米8a正品"
"4+64GB","699.00","19528","小米官方旗舰店","【4+64G立省100】红米8A 大电量大屏幕智能游戏学生老年人手机小米官方旗舰店官网redmi红米8a正品"
"8+128GB","4999.00","20427","华为官方旗舰店","【12期免息】Huawei/华为Mate 30 5G麒麟990超感光徕卡三摄5G智能手机mate305g官方旗舰店"
"8+256GB","5499.00","20427","华为官方旗舰店","【12期免息】Huawei/华为Mate 30 5G麒麟990超感光徕卡三摄5G智能手机mate305g官方旗舰店"
"6+64GB","1398.00","47635","vivo官方旗舰店","vivo Z5新品vivoz5限量版智能手机官方正品旗舰店官网屏幕指纹学生新款vivoz5x z3x"
"6+128GB","1598.00","47635","vivo官方旗舰店","vivo Z5新品vivoz5限量版智能手机官方正品旗舰店官网屏幕指纹学生新款vivoz5x z3x"
"8+128GB","2098.00","47635","vivo官方旗舰店","vivo Z5新品vivoz5限量版智能手机官方正品旗舰店官网屏幕指纹学生新款vivoz5x z3x"
"4+128GB","1399.00","29107","华为官方旗舰店","Huawei/华为畅享10 Plus超清全视屏4800万三摄智能手机华为官方旗舰店畅享10plus"
"6+128GB","1699.00","29107","华为官方旗舰店","Huawei/华为畅享10 Plus超清全视屏4800万三摄智能手机华为官方旗舰店畅享10plus"
"8+128GB","1899.00","29107","华为官方旗舰店","Huawei/华为畅享10 Plus超清全视屏4800万三摄智能手机华为官方旗舰店畅享10plus"
"6+64GB","1099.00","251213","荣耀官方旗舰店","【低至899元】华为旗下HONOR/荣耀8X全面屏手机屏占比高达91%智能学生青春正品官方旗舰店10青春版"
"6+128GB","1549.00","251213","荣耀官方旗舰店","【低至899元】华为旗下HONOR/荣耀8X全面屏手机屏占比高达91%智能学生青春正品官方旗舰店10青春版"
"64GB","5499.00","21641","苏宁易购官方旗舰店","【26-27日享24期免息】Apple/苹果 iPhone 11 移动联通电信全网通4G 超广角拍照手机苏宁易购官方旗舰店"
"128GB","5999.00","21641","苏宁易购官方旗舰店","【26-27日享24期免息】Apple/苹果 iPhone 11 移动联通电信全网通4G 超广角拍照手机苏宁易购官方旗舰店"
"6+128GB","1399.00","41422","小米官方旗舰店","【6+128G到手价1399】红米note8pro6400万四摄4500mAh大电量小米手机redmi拍照智能学生小米官方旗舰店xiaomi"
"8+128GB","1599.00","41422","小米官方旗舰店","【6+128G到手价1399】红米note8pro6400万四摄4500mAh大电量小米手机redmi拍照智能学生小米官方旗舰店xiaomi"
"8+256GB","1799.00","41422","小米官方旗舰店","【6+128G到手价1399】红米note8pro6400万四摄4500mAh大电量小米手机redmi拍照智能学生小米官方旗舰店xiaomi"
"6+128GB","1699.00","7136","小米官方旗舰店","【限时赠耳机】红米k30 索尼6400万大电量120Hz智能游戏学生手机K20升级redmi小米官方旗舰店网正品xiaomi"
"8+128GB","1899.00","7136","小米官方旗舰店","【限时赠耳机】红米k30 索尼6400万大电量120Hz智能游戏学生手机K20升级redmi小米官方旗舰店网正品xiaomi"
"8+256GB","2199.00","7136","小米官方旗舰店","【限时赠耳机】红米k30 索尼6400万大电量120Hz智能游戏学生手机K20升级redmi小米官方旗舰店网正品xiaomi"
"8+128GB","2499.00","70461","华为官方旗舰店","【直降200】Huawei/华为nova 5 Pro超级夜景4800万AI四摄超广角智能手机nova5pro华为官方旗舰店"
"8+256GB","2899.00-3299.00","70461","华为官方旗舰店","【直降200】Huawei/华为nova 5 Pro超级夜景4800万AI四摄超广角智能手机nova5pro华为官方旗舰店"
"【顶配版】移动联通2.8英寸屏","94.90","123433","天语强宇专卖店","全网通4G天语R7移动联通电信版女超薄老人机超长待机正品按键直板老年手机大屏大字大声音天翼功能小学生备用"
"【升级版】移动联通2.6英寸屏","88.90","123433","天语强宇专卖店","全网通4G天语R7移动联通电信版女超薄老人机超长待机正品按键直板老年手机大屏大字大声音天翼功能小学生备用"
"【普通版】移动联通2.4英寸屏","68.90-78.90","123433","天语强宇专卖店","全网通4G天语R7移动联通电信版女超薄老人机超长待机正品按键直板老年手机大屏大字大声音天翼功能小学生备用"
"【升级版】电信天翼2.6英寸屏","118.90","123433","天语强宇专卖店","全网通4G天语R7移动联通电信版女超薄老人机超长待机正品按键直板老年手机大屏大字大声音天翼功能小学生备用"
"【顶配版】电信天翼2.8英寸屏","124.90","123433","天语强宇专卖店","全网通4G天语R7移动联通电信版女超薄老人机超长待机正品按键直板老年手机大屏大字大声音天翼功能小学生备用"
"【4G版本】全网通用2.8英寸屏","198.90","123433","天语强宇专卖店","全网通4G天语R7移动联通电信版女超薄老人机超长待机正品按键直板老年手机大屏大字大声音天翼功能小学生备用"
"6+128GB","1699.00","88972","荣耀官方旗舰店","【限时低至1699元】华为旗下HONOR/荣耀V20新品全视屏麒麟980处理器4800万AI摄影手机官方旗舰店v30"
"8+128GB","2399.00","88972","荣耀官方旗舰店","【限时低至1699元】华为旗下HONOR/荣耀V20新品全视屏麒麟980处理器4800万AI摄影手机官方旗舰店v30"
"6+128GB","1599.00","16071","华为官方旗舰店","【直降200】Huawei/华为nova 5z 快充AI四摄4800万四摄人像超级夜景128G大内存智能手机华为官方旗舰店"
"8+128GB","3688.00","76131","华为官方旗舰店","【12期免息】Huawei/华为 P30全面屏超感光徕卡三摄变焦双景录像980芯片智能手机p30华为官方旗舰店"
"8+256GB","4188.00","76131","华为官方旗舰店","【12期免息】Huawei/华为 P30全面屏超感光徕卡三摄变焦双景录像980芯片智能手机p30华为官方旗舰店"
"6+128GB","3388.00","76131","华为官方旗舰店","【12期免息】Huawei/华为 P30全面屏超感光徕卡三摄变焦双景录像980芯片智能手机p30华为官方旗舰店"
"3+64GB","899.00","15258","vivo官方旗舰店","【抢券至高省100】vivo U3x新品vivou3x千元拍照智能手机大电池官方旗舰店官网正品学生老人u1 y93sx27"
"4+64GB","999.00","15258","vivo官方旗舰店","【抢券至高省100】vivo U3x新品vivou3x千元拍照智能手机大电池官方旗舰店官网正品学生老人u1 y93sx27"
"3+32GB","799.00","15258","vivo官方旗舰店","【抢券至高省100】vivo U3x新品vivou3x千元拍照智能手机大电池官方旗舰店官网正品学生老人u1 y93sx27"
"3+32GB","649.00","38298","华为官方旗舰店","【32G直降150】Huawei/华为畅享9e全面屏珍珠屏千元智能手机华为正品官方智能手机华为官方旗舰店"
"3+64GB","899.00","38298","华为官方旗舰店","【32G直降150】Huawei/华为畅享9e全面屏珍珠屏千元智能手机华为正品官方智能手机华为官方旗舰店"
"8+128GB","2199.00-2399.00","90678","荣耀官方旗舰店","【低至2099元】华为旗下HONOR/荣耀20全面屏超广角AI四摄麒麟980芯片智能拍照手机正品PRO手机v30"
"8+256GB","2699.00","90678","荣耀官方旗舰店","【低至2099元】华为旗下HONOR/荣耀20全面屏超广角AI四摄麒麟980芯片智能拍照手机正品PRO手机v30"
"64MB","59.00-189.00","135880","纽曼深圳专卖店","【4G全网通】纽曼 l6+老人机超长待机大屏大字大声音按键直板移动电信版中老年手机学生女正品联通儿童小手机"
"【顶配版】移动/联通 超清大屏","95.00","13287","关爱心旗舰店","关爱心G1军工三防老人机超长待机正品移动电信版联通4G全网通老年手机大屏大字大声音女学生诺基亚功能小手机"
"【高配版】移动/联通 高清大屏","88.00","13287","关爱心旗舰店","关爱心G1军工三防老人机超长待机正品移动电信版联通4G全网通老年手机大屏大字大声音女学生诺基亚功能小手机"
"【升级版】移动/联通 标清大屏","78.00","13287","关爱心旗舰店","关爱心G1军工三防老人机超长待机正品移动电信版联通4G全网通老年手机大屏大字大声音女学生诺基亚功能小手机"
"【普通版】移动/联通 标清中屏","58.00-68.00","13287","关爱心旗舰店","关爱心G1军工三防老人机超长待机正品移动电信版联通4G全网通老年手机大屏大字大声音女学生诺基亚功能小手机"
"【高配版】电信/天翼 高清大屏","119.00","13287","关爱心旗舰店","关爱心G1军工三防老人机超长待机正品移动电信版联通4G全网通老年手机大屏大字大声音女学生诺基亚功能小手机"
"【顶配版】电信/天翼 超清大屏","125.00","13287","关爱心旗舰店","关爱心G1军工三防老人机超长待机正品移动电信版联通4G全网通老年手机大屏大字大声音女学生诺基亚功能小手机"
"6+128GB","1799.00","13741","OPPO官方旗舰店","【下单立减200赠耳机】OPPO K5全面屏6400万四摄4G拍照游戏智能手机官方旗舰店正品oppok5 k3 k1"
"8+128GB","1999.00","13741","OPPO官方旗舰店","【下单立减200赠耳机】OPPO K5全面屏6400万四摄4G拍照游戏智能手机官方旗舰店正品oppok5 k3 k1"
"6+128GB","3299.00","3579","荣耀官方旗舰店","【新色上市 12期免息】华为旗下HONOR/荣耀V30双模5G麒麟990旗舰芯片突破性相机矩阵PRO拍照手机官方旗舰店"
"8+128GB","3699.00","3579","荣耀官方旗舰店","【新色上市 12期免息】华为旗下HONOR/荣耀V30双模5G麒麟990旗舰芯片突破性相机矩阵PRO拍照手机官方旗舰店"
"6+128GB","3999.00","17532","华为官方旗舰店","【12期免息】Huawei/华为Mate 30麒麟990超级快充4000万徕卡4G智能手机mate30华为官方旗舰店"
"8+128GB","4299.00","17532","华为官方旗舰店","【12期免息】Huawei/华为Mate 30麒麟990超级快充4000万徕卡4G智能手机mate30华为官方旗舰店"
"8+128GB","2399.00","15559","小米官方旗舰店","【享24期免息】红米k20 pro尊享版骁龙855Plus大存储学生智能游戏手机30小米官方旗舰店redmi正品"
"8+512GB","2499.00","15559","小米官方旗舰店","【享24期免息】红米k20 pro尊享版骁龙855Plus大存储学生智能游戏手机30小米官方旗舰店redmi正品"
"12+512GB","2799.00","15559","小米官方旗舰店","【享24期免息】红米k20 pro尊享版骁龙855Plus大存储学生智能游戏手机30小米官方旗舰店redmi正品"
"【顶配版】移动/联通2.8英寸屏","95.00","61100","深圳易乐购数码专营店","[4G全网通]纽曼 L8S军工三防老人机超长待机正品老年手机大屏大字大声音移动电信版学生女按键直板诺基亚手机"
"【高配版】移动/联通2.6英寸屏","78.00-88.00","61100","深圳易乐购数码专营店","[4G全网通]纽曼 L8S军工三防老人机超长待机正品老年手机大屏大字大声音移动电信版学生女按键直板诺基亚手机"
"【升级版】移动/联通2.4英寸屏","58.00-68.00","61100","深圳易乐购数码专营店","[4G全网通]纽曼 L8S军工三防老人机超长待机正品老年手机大屏大字大声音移动电信版学生女按键直板诺基亚手机"
"【高配版】电信天翼2.6英寸屏","118.00","61100","深圳易乐购数码专营店","[4G全网通]纽曼 L8S军工三防老人机超长待机正品老年手机大屏大字大声音移动电信版学生女按键直板诺基亚手机"
"【顶配版】电信天翼2.8英寸屏","125.00","61100","深圳易乐购数码专营店","[4G全网通]纽曼 L8S军工三防老人机超长待机正品老年手机大屏大字大声音移动电信版学生女按键直板诺基亚手机"
"【4G版本】全网通用2.8英寸屏","198.00","61100","深圳易乐购数码专营店","[4G全网通]纽曼 L8S军工三防老人机超长待机正品老年手机大屏大字大声音移动电信版学生女按键直板诺基亚手机"
"6+64GB","1399.00","57627","OPPO官方旗舰店","【下单至高减200】OPPO K3全面屏骁龙710屏幕指纹手机智能新品官方游戏手机oppok3 k1 oppor17 r15"
"8+128GB","1799.00","57627","OPPO官方旗舰店","【下单至高减200】OPPO K3全面屏骁龙710屏幕指纹手机智能新品官方游戏手机oppok3 k1 oppor17 r15"
"6+64GB","1199.00","65226","荣耀官方旗舰店","【优惠高达500元】华为旗下HONOR/荣耀20i 3200万AI自拍渐变色官方旗舰店珍珠全面屏正品学生手机"
"6+128GB","1399.00","65226","荣耀官方旗舰店","【优惠高达500元】华为旗下HONOR/荣耀20i 3200万AI自拍渐变色官方旗舰店珍珠全面屏正品学生手机"
"【顶配版】移动/联通2.8英寸屏","79.00-89.00","23167","誉品旗舰店","【4G全网通】YEPEN/誉品 Y550正品老年手机老人机超长待机大字大声大屏移动联通电信男女按键小学生功能手机"
"【升级版】移动/联通2.6英寸屏","69.00-79.00","23167","誉品旗舰店","【4G全网通】YEPEN/誉品 Y550正品老年手机老人机超长待机大字大声大屏移动联通电信男女按键小学生功能手机"
"【普通版】移动/联通2.4英寸屏","49.00-69.00","23167","誉品旗舰店","【4G全网通】YEPEN/誉品 Y550正品老年手机老人机超长待机大字大声大屏移动联通电信男女按键小学生功能手机"
"【4G版本】全网通2.8英寸屏","168.00-178.00","23167","誉品旗舰店","【4G全网通】YEPEN/誉品 Y550正品老年手机老人机超长待机大字大声大屏移动联通电信男女按键小学生功能手机"
"【青春标准版】移动联通/2.2英寸屏","39.00-49.00","31177","皓轩手机旗舰店","4G全网通皓轩H5军工三防老人机超长待机女款大屏大字大声直板按键移动电信版老年手机正品学生功能天翼小手机"
"【尊享升级版】移动联通/2.4英寸屏","59.00","31177","皓轩手机旗舰店","4G全网通皓轩H5军工三防老人机超长待机女款大屏大字大声直板按键移动电信版老年手机正品学生功能天翼小手机"
"【荣耀高配版】移动联通/2.6英寸屏","75.00","31177","皓轩手机旗舰店","4G全网通皓轩H5军工三防老人机超长待机女款大屏大字大声直板按键移动电信版老年手机正品学生功能天翼小手机"
"【豪华顶配版】移动联通/2.8英寸屏","89.00","31177","皓轩手机旗舰店","4G全网通皓轩H5军工三防老人机超长待机女款大屏大字大声直板按键移动电信版老年手机正品学生功能天翼小手机"
"【免费电视版】移动联通/2.8英寸屏","99.00","31177","皓轩手机旗舰店","4G全网通皓轩H5军工三防老人机超长待机女款大屏大字大声直板按键移动电信版老年手机正品学生功能天翼小手机"
"【尊享升级版】天翼电信/2.4英寸屏","99.00","31177","皓轩手机旗舰店","4G全网通皓轩H5军工三防老人机超长待机女款大屏大字大声直板按键移动电信版老年手机正品学生功能天翼小手机"
"【豪华顶配版】天翼电信/2.8英寸屏","109.00","31177","皓轩手机旗舰店","4G全网通皓轩H5军工三防老人机超长待机女款大屏大字大声直板按键移动电信版老年手机正品学生功能天翼小手机"
"【旗舰WIFI微信版】全网通4G/2.8英寸屏","179.00","31177","皓轩手机旗舰店","4G全网通皓轩H5军工三防老人机超长待机女款大屏大字大声直板按键移动电信版老年手机正品学生功能天翼小手机"
"6+128GB","2198.00","13214","vivo官方旗舰店","【至高省300】vivo iQOO Neo 855高通骁龙855处理器游戏指纹智能手机vivoiqooneo iqooneo vivo新iqoo 限量版"
"8+128GB","2498.00","13214","vivo官方旗舰店","【至高省300】vivo iQOO Neo 855高通骁龙855处理器游戏指纹智能手机vivoiqooneo iqooneo vivo新iqoo 限量版"
"6+64GB","1998.00","13214","vivo官方旗舰店","【至高省300】vivo iQOO Neo 855高通骁龙855处理器游戏指纹智能手机vivoiqooneo iqooneo vivo新iqoo 限量版"
"4+128GB","1099.00","12686","小米官方旗舰店","【128G省300元 6GB赠充电宝】小米CC9e 4800万全面屏手机拍照游戏学生小米官方旗舰店正品CC Xiaomi"
"6+128GB","1299.00","12686","小米官方旗舰店","【128G省300元 6GB赠充电宝】小米CC9e 4800万全面屏手机拍照游戏学生小米官方旗舰店正品CC Xiaomi"
"【顶配版】移动手机（五年换新）","135.00","51076","慕尚年华数码专营店","Changhong/长虹 L9老人机超长待机移动老年手机学生女超薄直板老年机小手机大屏大字大声音诺基亚电信版手机"
"【高配版】移动手机（一年换新）","129.00","51076","慕尚年华数码专营店","Changhong/长虹 L9老人机超长待机移动老年手机学生女超薄直板老年机小手机大屏大字大声音诺基亚电信版手机"
"【升级版】移动手机（30天换新）","119.00","51076","慕尚年华数码专营店","Changhong/长虹 L9老人机超长待机移动老年手机学生女超薄直板老年机小手机大屏大字大声音诺基亚电信版手机"
"【普通版】移动手机（15天换新）","99.00-109.00","51076","慕尚年华数码专营店","Changhong/长虹 L9老人机超长待机移动老年手机学生女超薄直板老年机小手机大屏大字大声音诺基亚电信版手机"
"【天翼版】电信手机（五年换新）","149.00","51076","慕尚年华数码专营店","Changhong/长虹 L9老人机超长待机移动老年手机学生女超薄直板老年机小手机大屏大字大声音诺基亚电信版手机"
"8GB+128GB","3298.00","15269","vivo官方旗舰店","【至高省600享24期免息】vivo iQOO Pro 5G高通骁龙855Plus处理器游戏指纹新品手机iqoopro vivoiqoo 限量版"
"12GB+128GB","3798.00","15269","vivo官方旗舰店","【至高省600享24期免息】vivo iQOO Pro 5G高通骁龙855Plus处理器游戏指纹新品手机iqoopro vivoiqoo 限量版"
"8+128GB","3199.00","13830","OPPO官方旗舰店","【下单立减300赠耳机】OPPO Reno Ace骁龙855plus智能游戏手机90Hz全面屏65W超级闪充官方旗舰店renoace r17"
"8+256GB","3399.00","13830","OPPO官方旗舰店","【下单立减300赠耳机】OPPO Reno Ace骁龙855plus智能游戏手机90Hz全面屏65W超级闪充官方旗舰店renoace r17"
"64GB","4588.00","233196","苏宁易购官方旗舰店","【下单最高减230元】Apple/苹果 iPhone XR 全网通4G手机双卡双待 苹果iPhoneXR 苹果xr"
"128GB","5088.00","233196","苏宁易购官方旗舰店","【下单最高减230元】Apple/苹果 iPhone XR 全网通4G手机双卡双待 苹果iPhoneXR 苹果xr"
"4+64GB","1099.00","5351","荣耀官方旗舰店","【限时低至1099元】华为旗下HONOR/荣耀20青春版AMOLED屏幕指纹手机官方旗舰店新品9X正品20"
"6+64GB","1399.00","5351","荣耀官方旗舰店","【限时低至1099元】华为旗下HONOR/荣耀20青春版AMOLED屏幕指纹手机官方旗舰店新品9X正品20"
"6+128GB","1699.00","5351","荣耀官方旗舰店","【限时低至1099元】华为旗下HONOR/荣耀20青春版AMOLED屏幕指纹手机官方旗舰店新品9X正品20"
"8+128GB","1899.00","5351","荣耀官方旗舰店","【限时低至1099元】华为旗下HONOR/荣耀20青春版AMOLED屏幕指纹手机官方旗舰店新品9X正品20"
"6+128GB","1699.00","26340","荣耀官方旗舰店","【限时享24期免息】华为旗下HONOR/荣耀Magic2滑盖全面屏官网正品超级快充麒麟980官方旗舰店新手机v20"
"8+128GB","1999.00","26340","荣耀官方旗舰店","【限时享24期免息】华为旗下HONOR/荣耀Magic2滑盖全面屏官网正品超级快充麒麟980官方旗舰店新手机v20"
"8+128GB","4488.00","83704","华为官方旗舰店","【12期免息】Huawei/华为P30 Pro曲面屏超感光徕卡四摄变焦双景录像980智能手机p30pro华为官方旗舰店"
"8+256GB","4988.00-5388.00","83704","华为官方旗舰店","【12期免息】Huawei/华为P30 Pro曲面屏超感光徕卡四摄变焦双景录像980智能手机p30pro华为官方旗舰店"
"8+512GB","5788.00","83704","华为官方旗舰店","【12期免息】Huawei/华为P30 Pro曲面屏超感光徕卡四摄变焦双景录像980智能手机p30pro华为官方旗舰店"
"【豪华顶配触屏手写版】移动/联通/双卡双待","95.00","119605","炜广天成数码专营店","【4G全网通】创星S1老人机超长待机正品直板军工三防诺基亚学生女款按键移动电信版大屏大字大声音老年手机"
"【荣耀高配版】移动/联通/双卡双待","88.00","119605","炜广天成数码专营店","【4G全网通】创星S1老人机超长待机正品直板军工三防诺基亚学生女款按键移动电信版大屏大字大声音老年手机"
"【尊享升级版】移动/联通/双卡双待","58.00-68.00","119605","炜广天成数码专营店","【4G全网通】创星S1老人机超长待机正品直板军工三防诺基亚学生女款按键移动电信版大屏大字大声音老年手机"
"【豪华顶配版】电信单卡/单待","119.00","119605","炜广天成数码专营店","【4G全网通】创星S1老人机超长待机正品直板军工三防诺基亚学生女款按键移动电信版大屏大字大声音老年手机"
"【旗舰WIFI微信AI版】全网通4G/双卡双待","198.00","119605","炜广天成数码专营店","【4G全网通】创星S1老人机超长待机正品直板军工三防诺基亚学生女款按键移动电信版大屏大字大声音老年手机"
"512MB","168.00-288.00","97167","慕尚年华数码专营店","纽曼 F9老年机翻盖手机大屏大字大声音联通4G全网通女老人手机超长待机正品男女款电信版移动戒网学生老人机"
"128GB","5999.00","2717","洋桃旗舰店","Apple/苹果 Apple iPhone 11 移动联通电信全网通4G智能手机"
"64GB","5499.00","2717","洋桃旗舰店","Apple/苹果 Apple iPhone 11 移动联通电信全网通4G智能手机"
"【顶配版】移动双卡(5年换新)","95.00","22826","深圳易乐购数码专营店","纽曼W560儿童手机 小学生可爱卡通男女款超薄迷你非智能移动电信版老人机小孩初中卡片老年手机只可以打电话"
"【普通版】移动双卡(1年保修)","78.00-88.00","22826","深圳易乐购数码专营店","纽曼W560儿童手机 小学生可爱卡通男女款超薄迷你非智能移动电信版老人机小孩初中卡片老年手机只可以打电话"
"【普通版】电信单卡(1年保修)","128.00","22826","深圳易乐购数码专营店","纽曼W560儿童手机 小学生可爱卡通男女款超薄迷你非智能移动电信版老人机小孩初中卡片老年手机只可以打电话"
"【顶配版】电信单卡(5年换新)","135.00","22826","深圳易乐购数码专营店","纽曼W560儿童手机 小学生可爱卡通男女款超薄迷你非智能移动电信版老人机小孩初中卡片老年手机只可以打电话"
"6+64GB","1299.00","13057","苏宁易购官方旗舰店","【6+64GB低至1299】华为HONOR/荣耀9X麒麟810芯片4800万双摄升降式全面屏手机苏宁易购官方旗舰店Pro"
"8+128GB","1999.00","13057","苏宁易购官方旗舰店","【6+64GB低至1299】华为HONOR/荣耀9X麒麟810芯片4800万双摄升降式全面屏手机苏宁易购官方旗舰店Pro"
"6+128GB","1799.00","13057","苏宁易购官方旗舰店","【6+64GB低至1299】华为HONOR/荣耀9X麒麟810芯片4800万双摄升降式全面屏手机苏宁易购官方旗舰店Pro"
"4+64GB","1099.00","13057","苏宁易购官方旗舰店","【6+64GB低至1299】华为HONOR/荣耀9X麒麟810芯片4800万双摄升降式全面屏手机苏宁易购官方旗舰店Pro"
"3+32GB","599.00","23738","荣耀官方旗舰店","【限时优惠200元】华为旗下HONOR/荣耀畅玩8A 6.09英寸珍珠全面屏智能手机官网正品学生官方旗舰店"
"3+64GB","999.00","23738","荣耀官方旗舰店","【限时优惠200元】华为旗下HONOR/荣耀畅玩8A 6.09英寸珍珠全面屏智能手机官网正品学生官方旗舰店"
"【顶配版】移动2.8英寸屏","95.00","11178","嘉宇金成数码专营店","【4G全网通】中兴守护宝L105老人机超长待机直板女款大屏大字大声音移动电信版中老年手机正品学生按键小手机"
"【高配版】移动2.6英寸屏","89.00","11178","嘉宇金成数码专营店","【4G全网通】中兴守护宝L105老人机超长待机直板女款大屏大字大声音移动电信版中老年手机正品学生按键小手机"
"【标准版】移动2.4英寸屏","69.00-79.00","11178","嘉宇金成数码专营店","【4G全网通】中兴守护宝L105老人机超长待机直板女款大屏大字大声音移动电信版中老年手机正品学生按键小手机"
"【顶配版】电信2.8英寸屏","119.00","11178","嘉宇金成数码专营店","【4G全网通】中兴守护宝L105老人机超长待机直板女款大屏大字大声音移动电信版中老年手机正品学生按键小手机"
"【旗舰版】4G全网通2.8英寸屏","219.00","11178","嘉宇金成数码专营店","【4G全网通】中兴守护宝L105老人机超长待机直板女款大屏大字大声音移动电信版中老年手机正品学生按键小手机"
"4+4MB","139.00","3942","苏宁易购官方旗舰店","【新品】新Nokia/诺基亚105 新SS官方正品直板按键迷你功能手机经典学生老人机老年机功能机备用机官方旗舰"
"4+64GB","999.00","5359","苏宁易购官方旗舰店","【最高直降100】红米note8 4800万四摄全面屏手机拍照智能学生红米note7小米官方旗舰正品红米k30 note8pro"
"6+64GB","1099.00","5359","苏宁易购官方旗舰店","【最高直降100】红米note8 4800万四摄全面屏手机拍照智能学生红米note7小米官方旗舰正品红米k30 note8pro"
"6+128GB","1299.00","5359","苏宁易购官方旗舰店","【最高直降100】红米note8 4800万四摄全面屏手机拍照智能学生红米note7小米官方旗舰正品红米k30 note8pro"
"8+128GB","2599.00-2699.00","7419","京合旗舰店","【6期免息】Huawei/华为 nova 5 Pro 新款手机官方旗舰店官网降价5g全网通mate30pro智能手机p30正品5i荣耀6"
"8+256GB","3099.00","7419","京合旗舰店","【6期免息】Huawei/华为 nova 5 Pro 新款手机官方旗舰店官网降价5g全网通mate30pro智能手机p30正品5i荣耀6"
"6+128GB","1799.00","20742","华为官方旗舰店","Huawei/华为nova 5i Pro全面屏超广角4800万AI四摄人像立体美颜手机nova5ipro华为官方旗舰店"
"8+128GB","2099.00","20742","华为官方旗舰店","Huawei/华为nova 5i Pro全面屏超广角4800万AI四摄人像立体美颜手机nova5ipro华为官方旗舰店"
"8+256GB","2399.00","20742","华为官方旗舰店","Huawei/华为nova 5i Pro全面屏超广角4800万AI四摄人像立体美颜手机nova5ipro华为官方旗舰店"
"2+32GB","799.00","91000","华为官方旗舰店","【立减300】Huawei/华为 畅享 8e 青春版 4G高清全面屏正品智能学生老人游戏手机"
"6+128GB","2799.00","5874","小米官方旗舰店","【24期免息 27日全版本最高降300元】小米CC9 Pro 1亿像素手机五摄双光学防抖拍照小米官方旗舰店正品xiaomi"
"8+128GB","3099.00","5874","小米官方旗舰店","【24期免息 27日全版本最高降300元】小米CC9 Pro 1亿像素手机五摄双光学防抖拍照小米官方旗舰店正品xiaomi"
"6+128GB","1399.00","6313","苏宁易购官方旗舰店","【1199起限量抢】红米note8pro 6400万四摄全面屏智能学生小米官方旗舰正品手机 k30 红米note7 红米note8"
"8+128GB","1599.00","6313","苏宁易购官方旗舰店","【1199起限量抢】红米note8pro 6400万四摄全面屏智能学生小米官方旗舰正品手机 k30 红米note7 红米note8"
"8+256GB","1799.00","6313","苏宁易购官方旗舰店","【1199起限量抢】红米note8pro 6400万四摄全面屏智能学生小米官方旗舰正品手机 k30 红米note7 红米note8"
"6+64GB","1199.00","6313","苏宁易购官方旗舰店","【1199起限量抢】红米note8pro 6400万四摄全面屏智能学生小米官方旗舰正品手机 k30 红米note7 红米note8"
"8+256GB","4199.00","2493","荣耀官方旗舰店","【新品上市 享6期免息】华为旗下/荣耀V30 PRO双模麒麟990 5GSOC芯片突破性相机矩阵手机新正品官方"
"3+32G","388.00","6828","硕王捷信时代专卖店","SAILF R20全新正品全面水滴屏8核6+128G全网通4G学生价游戏超薄安卓指纹一体拍照老人年大字超长待机智能手机"
"4+32","488.00","6828","硕王捷信时代专卖店","SAILF R20全新正品全面水滴屏8核6+128G全网通4G学生价游戏超薄安卓指纹一体拍照老人年大字超长待机智能手机"
"6+64G","588.00","6828","硕王捷信时代专卖店","SAILF R20全新正品全面水滴屏8核6+128G全网通4G学生价游戏超薄安卓指纹一体拍照老人年大字超长待机智能手机"
"6+128G","688.00","6828","硕王捷信时代专卖店","SAILF R20全新正品全面水滴屏8核6+128G全网通4G学生价游戏超薄安卓指纹一体拍照老人年大字超长待机智能手机"
"2+32GB","539.00","20600","小米官方旗舰店","【3+32GB到手549】红米7A大电量大字体大音量智能拍照学生老年人小米官方旗舰店官网正品xiaomi红米小米手机"
"3+32GB","549.00","20600","小米官方旗舰店","【3+32GB到手549】红米7A大电量大字体大音量智能拍照学生老年人小米官方旗舰店官网正品xiaomi红米小米手机"
"4+64GB","899.00","13584","荣耀官方旗舰店","【6+64GB限时1099】华为旗下HONOR/荣耀Play3 麒麟710F八核全网通智能畅玩手机官方旗舰店全新正品"
"6+64GB","1299.00","13584","荣耀官方旗舰店","【6+64GB限时1099】华为旗下HONOR/荣耀Play3 麒麟710F八核全网通智能畅玩手机官方旗舰店全新正品"
"4+4MB","129.00-159.00","2672","天讯蓝图数码专营店","5年换新/Nokia/诺基亚 105新ss老人机超长待机直板按键大字大声经典备用老年机学生儿童迷你小手机官方旗舰店"
"8+128GB","5799.00","20822","华为官方旗舰店","【12期免息】Huawei/华为Mate 30 Pro超级快充麒麟990徕卡四摄4G智能手机mate30pro官方旗舰店"
"8+256GB","6299.00","20822","华为官方旗舰店","【12期免息】Huawei/华为Mate 30 Pro超级快充麒麟990徕卡四摄4G智能手机mate30pro官方旗舰店"
"【高配版】移动/联通","168.00","10766","纽曼深圳专卖店","[送座充] 纽曼 M6老年手机超长待机正品老人手机大屏大字大声音按键直板老人机移动电信版诺基亚功能女老年机"
"【标准版】移动/联通","158.00","10766","纽曼深圳专卖店","[送座充] 纽曼 M6老年手机超长待机正品老人手机大屏大字大声音按键直板老人机移动电信版诺基亚功能女老年机"
"【简配版】移动/联通","148.00","10766","纽曼深圳专卖店","[送座充] 纽曼 M6老年手机超长待机正品老人手机大屏大字大声音按键直板老人机移动电信版诺基亚功能女老年机"
"【标准版】电信/天翼","188.00","10766","纽曼深圳专卖店","[送座充] 纽曼 M6老年手机超长待机正品老人手机大屏大字大声音按键直板老人机移动电信版诺基亚功能女老年机"
"【高配版】电信/天翼","198.00","10766","纽曼深圳专卖店","[送座充] 纽曼 M6老年手机超长待机正品老人手机大屏大字大声音按键直板老人机移动电信版诺基亚功能女老年机"
"2+16GB","479.00","8905","苏宁易购官方旗舰店","【479起】红米7A 八核大电量大字体老人智能学生全网通手机小米官方旗舰红米7 红米6a官网正品 红米7a"
"3+32GB","549.00","8905","苏宁易购官方旗舰店","【479起】红米7A 八核大电量大字体老人智能学生全网通手机小米官方旗舰红米7 红米6a官网正品 红米7a"
"2+32GB","539.00","8905","苏宁易购官方旗舰店","【479起】红米7A 八核大电量大字体老人智能学生全网通手机小米官方旗舰红米7 红米6a官网正品 红米7a"
"3+32GB","699.00","3987","苏宁易购官方旗舰店","【4+64G 699】红米8A 新品大电量大屏幕智能游戏学生老年人小米官方旗舰店正品手机红米8a 7a"
"4+64GB","699.00","3987","苏宁易购官方旗舰店","【4+64G 699】红米8A 新品大电量大屏幕智能游戏学生老年人小米官方旗舰店正品手机红米8a 7a"
"32MB","86.00-129.00","9776","苏宁易购官方旗舰店","【热销爆款】上海中兴守护宝L550超长待机直板老人手机大屏大字大声移动联通电信版老年手机正品学生小手机"
